<?xml version="1.0" encoding="UTF-8"?>
<!DOCTYPE generatorConfiguration
        PUBLIC "-//mybatis.org//DTD MyBatis Generator Configuration 1.0//EN"
        "http://mybatis.org/dtd/mybatis-generator-config_1_0.dtd">

<generatorConfiguration>
    <!--    <classPathEntry location="/Program Files/IBM/SQLLIB/java/db2java.zip" />-->
    <context id="DB2Tables" targetRuntime="MyBatis3">

        <plugin type="org.mybatis.generator.plugins.RowBoundsPlugin"></plugin>

        <commentGenerator>
            <property name="suppressDate" value="false"/>
            <property name="suppressAllComments" value="true"/>
        </commentGenerator>

        <jdbcConnection driverClass="com.mysql.cj.jdbc.Driver"
                        connectionURL="jdbc:mysql://localhost:3306/reservation?serverTimezone=GMT%2B8&amp;useSSL=false"
                        userId="root"
                        password="224512">
            <property name="nullCatalogMeansCurrent" value="true"/>
        </jdbcConnection>

        <javaTypeResolver>
            <property name="forceBigDecimals" value="false"/>
        </javaTypeResolver>

        <javaModelGenerator targetPackage="com.reservation.bean" targetProject="src/main/java">
            <property name="enableSubPackages" value="true"/>
            <property name="trimStrings" value="true"/>
        </javaModelGenerator>

        <sqlMapGenerator targetPackage="mapper" targetProject="src/main/resources">
            <property name="enableSubPackages" value="true"/>
        </sqlMapGenerator>

        <javaClientGenerator type="XMLMAPPER" targetPackage="com.reservation.mapper" targetProject="src/main/java">
            <property name="enableSubPackages" value="true"/>
        </javaClientGenerator>

        <table tableName="admin_user" domainObjectName="AdminUser">
        </table>

        <table tableName="classification" domainObjectName="Classification">
        </table>

        <table tableName="order" domainObjectName="Order">
        </table>

        <table tableName="order_item" domainObjectName="OrderItem">
        </table>

        <table tableName="product" domainObjectName="Product">
        </table>

        <table tableName="user" domainObjectName="User">
        </table>

        <table tableName="employee" domainObjectName="Employee">
        </table>

        <table tableName="delivery_clerk" domainObjectName="Clerk">
        </table>
    </context>
</generatorConfiguration>
