<?xml version="1.0" encoding="UTF-8"?>
<!DOCTYPE mapper PUBLIC "-//mybatis.org//DTD Mapper 3.0//EN" "http://mybatis.org/dtd/mybatis-3-mapper.dtd">
<mapper namespace="com.reservation.mapper.EmployeeMapper">
  <resultMap id="BaseResultMap" type="com.reservation.bean.Employee">
    <id column="employee_id" jdbcType="INTEGER" property="employeeId" />
    <result column="employee_name" jdbcType="VARCHAR" property="employeeName" />
    <result column="employee_password" jdbcType="VARCHAR" property="employeePassword" />
    <result column="employee_email" jdbcType="VARCHAR" property="employeeEmail" />
    <result column="employee_phone" jdbcType="VARCHAR" property="employeePhone" />
  </resultMap>
  <sql id="Example_Where_Clause">
    <where>
      <foreach collection="oredCriteria" item="criteria" separator="or">
        <if test="criteria.valid">
          <trim prefix="(" prefixOverrides="and" suffix=")">
            <foreach collection="criteria.criteria" item="criterion">
              <choose>
                <when test="criterion.noValue">
                  and ${criterion.condition}
                </when>
                <when test="criterion.singleValue">
                  and ${criterion.condition} #{criterion.value}
                </when>
                <when test="criterion.betweenValue">
                  and ${criterion.condition} #{criterion.value} and #{criterion.secondValue}
                </when>
                <when test="criterion.listValue">
                  and ${criterion.condition}
                  <foreach close=")" collection="criterion.value" item="listItem" open="(" separator=",">
                    #{listItem}
                  </foreach>
                </when>
              </choose>
            </foreach>
          </trim>
        </if>
      </foreach>
    </where>
  </sql>
  <sql id="Update_By_Example_Where_Clause">
    <where>
      <foreach collection="example.oredCriteria" item="criteria" separator="or">
        <if test="criteria.valid">
          <trim prefix="(" prefixOverrides="and" suffix=")">
            <foreach collection="criteria.criteria" item="criterion">
              <choose>
                <when test="criterion.noValue">
                  and ${criterion.condition}
                </when>
                <when test="criterion.singleValue">
                  and ${criterion.condition} #{criterion.value}
                </when>
                <when test="criterion.betweenValue">
                  and ${criterion.condition} #{criterion.value} and #{criterion.secondValue}
                </when>
                <when test="criterion.listValue">
                  and ${criterion.condition}
                  <foreach close=")" collection="criterion.value" item="listItem" open="(" separator=",">
                    #{listItem}
                  </foreach>
                </when>
              </choose>
            </foreach>
          </trim>
        </if>
      </foreach>
    </where>
  </sql>
  <sql id="Base_Column_List">
    employee_id, employee_name, employee_password, employee_email, employee_phone
  </sql>
  <select id="selectByExample" parameterType="com.reservation.bean.EmployeeExample" resultMap="BaseResultMap">
    select
    <if test="distinct">
      distinct
    </if>
    <include refid="Base_Column_List" />
    from employee
    <if test="_parameter != null">
      <include refid="Example_Where_Clause" />
    </if>
    <if test="orderByClause != null">
      order by ${orderByClause}
    </if>
  </select>
  <select id="selectByPrimaryKey" parameterType="java.lang.Integer" resultMap="BaseResultMap">
    select 
    <include refid="Base_Column_List" />
    from employee
    where employee_id = #{employeeId,jdbcType=INTEGER}
  </select>
  <delete id="deleteByPrimaryKey" parameterType="java.lang.Integer">
    delete from employee
    where employee_id = #{employeeId,jdbcType=INTEGER}
  </delete>
  <delete id="deleteByExample" parameterType="com.reservation.bean.EmployeeExample">
    delete from employee
    <if test="_parameter != null">
      <include refid="Example_Where_Clause" />
    </if>
  </delete>
  <insert id="insert" parameterType="com.reservation.bean.Employee">
    insert into employee (employee_id, employee_name, employee_password, 
      employee_email, employee_phone)
    values (#{employeeId,jdbcType=INTEGER}, #{employeeName,jdbcType=VARCHAR}, #{employeePassword,jdbcType=VARCHAR}, 
      #{employeeEmail,jdbcType=VARCHAR}, #{employeePhone,jdbcType=VARCHAR})
  </insert>
  <insert id="insertSelective" parameterType="com.reservation.bean.Employee">
    insert into employee
    <trim prefix="(" suffix=")" suffixOverrides=",">
      <if test="employeeId != null">
        employee_id,
      </if>
      <if test="employeeName != null">
        employee_name,
      </if>
      <if test="employeePassword != null">
        employee_password,
      </if>
      <if test="employeeEmail != null">
        employee_email,
      </if>
      <if test="employeePhone != null">
        employee_phone,
      </if>
    </trim>
    <trim prefix="values (" suffix=")" suffixOverrides=",">
      <if test="employeeId != null">
        #{employeeId,jdbcType=INTEGER},
      </if>
      <if test="employeeName != null">
        #{employeeName,jdbcType=VARCHAR},
      </if>
      <if test="employeePassword != null">
        #{employeePassword,jdbcType=VARCHAR},
      </if>
      <if test="employeeEmail != null">
        #{employeeEmail,jdbcType=VARCHAR},
      </if>
      <if test="employeePhone != null">
        #{employeePhone,jdbcType=VARCHAR},
      </if>
    </trim>
  </insert>
  <select id="countByExample" parameterType="com.reservation.bean.EmployeeExample" resultType="java.lang.Long">
    select count(*) from employee
    <if test="_parameter != null">
      <include refid="Example_Where_Clause" />
    </if>
  </select>
  <update id="updateByExampleSelective" parameterType="map">
    update employee
    <set>
      <if test="record.employeeId != null">
        employee_id = #{record.employeeId,jdbcType=INTEGER},
      </if>
      <if test="record.employeeName != null">
        employee_name = #{record.employeeName,jdbcType=VARCHAR},
      </if>
      <if test="record.employeePassword != null">
        employee_password = #{record.employeePassword,jdbcType=VARCHAR},
      </if>
      <if test="record.employeeEmail != null">
        employee_email = #{record.employeeEmail,jdbcType=VARCHAR},
      </if>
      <if test="record.employeePhone != null">
        employee_phone = #{record.employeePhone,jdbcType=VARCHAR},
      </if>
    </set>
    <if test="_parameter != null">
      <include refid="Update_By_Example_Where_Clause" />
    </if>
  </update>
  <update id="updateByExample" parameterType="map">
    update employee
    set employee_id = #{record.employeeId,jdbcType=INTEGER},
      employee_name = #{record.employeeName,jdbcType=VARCHAR},
      employee_password = #{record.employeePassword,jdbcType=VARCHAR},
      employee_email = #{record.employeeEmail,jdbcType=VARCHAR},
      employee_phone = #{record.employeePhone,jdbcType=VARCHAR}
    <if test="_parameter != null">
      <include refid="Update_By_Example_Where_Clause" />
    </if>
  </update>
  <update id="updateByPrimaryKeySelective" parameterType="com.reservation.bean.Employee">
    update employee
    <set>
      <if test="employeeName != null">
        employee_name = #{employeeName,jdbcType=VARCHAR},
      </if>
      <if test="employeePassword != null">
        employee_password = #{employeePassword,jdbcType=VARCHAR},
      </if>
      <if test="employeeEmail != null">
        employee_email = #{employeeEmail,jdbcType=VARCHAR},
      </if>
      <if test="employeePhone != null">
        employee_phone = #{employeePhone,jdbcType=VARCHAR},
      </if>
    </set>
    where employee_id = #{employeeId,jdbcType=INTEGER}
  </update>
  <update id="updateByPrimaryKey" parameterType="com.reservation.bean.Employee">
    update employee
    set employee_name = #{employeeName,jdbcType=VARCHAR},
      employee_password = #{employeePassword,jdbcType=VARCHAR},
      employee_email = #{employeeEmail,jdbcType=VARCHAR},
      employee_phone = #{employeePhone,jdbcType=VARCHAR}
    where employee_id = #{employeeId,jdbcType=INTEGER}
  </update>
  <select id="selectByExampleWithRowbounds" parameterType="com.reservation.bean.EmployeeExample" resultMap="BaseResultMap">
    select
    <if test="distinct">
      distinct
    </if>
    <include refid="Base_Column_List" />
    from employee
    <if test="_parameter != null">
      <include refid="Example_Where_Clause" />
    </if>
    <if test="orderByClause != null">
      order by ${orderByClause}
    </if>
  </select>
</mapper>