<?xml version="1.0" encoding="UTF-8"?>
<!DOCTYPE mapper PUBLIC "-//mybatis.org//DTD Mapper 3.0//EN" "http://mybatis.org/dtd/mybatis-3-mapper.dtd">
<mapper namespace="com.reservation.mapper.OrderMapper">
  <resultMap id="BaseResultMap" type="com.reservation.bean.Order">
    <id column="id" jdbcType="INTEGER" property="id" />
    <result column="addr" jdbcType="VARCHAR" property="addr" />
    <result column="name" jdbcType="VARCHAR" property="name" />
    <result column="order_time" jdbcType="TIMESTAMP" property="orderTime" />
    <result column="phone" jdbcType="VARCHAR" property="phone" />
    <result column="state" jdbcType="INTEGER" property="state" />
    <result column="total" jdbcType="DOUBLE" property="total" />
    <result column="user_id" jdbcType="INTEGER" property="userId" />
  </resultMap>
  <sql id="Example_Where_Clause">
    <where>
      <foreach collection="oredCriteria" item="criteria" separator="or">
        <if test="criteria.valid">
          <trim prefix="(" prefixOverrides="and" suffix=")">
            <foreach collection="criteria.criteria" item="criterion">
              <choose>
                <when test="criterion.noValue">
                  and ${criterion.condition}
                </when>
                <when test="criterion.singleValue">
                  and ${criterion.condition} #{criterion.value}
                </when>
                <when test="criterion.betweenValue">
                  and ${criterion.condition} #{criterion.value} and #{criterion.secondValue}
                </when>
                <when test="criterion.listValue">
                  and ${criterion.condition}
                  <foreach close=")" collection="criterion.value" item="listItem" open="(" separator=",">
                    #{listItem}
                  </foreach>
                </when>
              </choose>
            </foreach>
          </trim>
        </if>
      </foreach>
    </where>
  </sql>
  <sql id="Update_By_Example_Where_Clause">
    <where>
      <foreach collection="example.oredCriteria" item="criteria" separator="or">
        <if test="criteria.valid">
          <trim prefix="(" prefixOverrides="and" suffix=")">
            <foreach collection="criteria.criteria" item="criterion">
              <choose>
                <when test="criterion.noValue">
                  and ${criterion.condition}
                </when>
                <when test="criterion.singleValue">
                  and ${criterion.condition} #{criterion.value}
                </when>
                <when test="criterion.betweenValue">
                  and ${criterion.condition} #{criterion.value} and #{criterion.secondValue}
                </when>
                <when test="criterion.listValue">
                  and ${criterion.condition}
                  <foreach close=")" collection="criterion.value" item="listItem" open="(" separator=",">
                    #{listItem}
                  </foreach>
                </when>
              </choose>
            </foreach>
          </trim>
        </if>
      </foreach>
    </where>
  </sql>
  <sql id="Base_Column_List">
    id, addr, name, order_time, phone, state, total, user_id
  </sql>
  <select id="selectByExample" parameterType="com.reservation.bean.OrderExample" resultMap="BaseResultMap">
    select
    <if test="distinct">
      distinct
    </if>
    <include refid="Base_Column_List" />
    from order
    <if test="_parameter != null">
      <include refid="Example_Where_Clause" />
    </if>
    <if test="orderByClause != null">
      order by ${orderByClause}
    </if>
  </select>
  <select id="selectByPrimaryKey" parameterType="java.lang.Integer" resultMap="BaseResultMap">
    select 
    <include refid="Base_Column_List" />
    from order
    where id = #{id,jdbcType=INTEGER}
  </select>
  <delete id="deleteByPrimaryKey" parameterType="java.lang.Integer">
    delete from order
    where id = #{id,jdbcType=INTEGER}
  </delete>
  <delete id="deleteByExample" parameterType="com.reservation.bean.OrderExample">
    delete from order
    <if test="_parameter != null">
      <include refid="Example_Where_Clause" />
    </if>
  </delete>
  <insert id="insert" parameterType="com.reservation.bean.Order">
    insert into order (id, addr, name, 
      order_time, phone, state, 
      total, user_id)
    values (#{id,jdbcType=INTEGER}, #{addr,jdbcType=VARCHAR}, #{name,jdbcType=VARCHAR}, 
      #{orderTime,jdbcType=TIMESTAMP}, #{phone,jdbcType=VARCHAR}, #{state,jdbcType=INTEGER}, 
      #{total,jdbcType=DOUBLE}, #{userId,jdbcType=INTEGER})
  </insert>
  <insert id="insertSelective" parameterType="com.reservation.bean.Order">
    insert into order
    <trim prefix="(" suffix=")" suffixOverrides=",">
      <if test="id != null">
        id,
      </if>
      <if test="addr != null">
        addr,
      </if>
      <if test="name != null">
        name,
      </if>
      <if test="orderTime != null">
        order_time,
      </if>
      <if test="phone != null">
        phone,
      </if>
      <if test="state != null">
        state,
      </if>
      <if test="total != null">
        total,
      </if>
      <if test="userId != null">
        user_id,
      </if>
    </trim>
    <trim prefix="values (" suffix=")" suffixOverrides=",">
      <if test="id != null">
        #{id,jdbcType=INTEGER},
      </if>
      <if test="addr != null">
        #{addr,jdbcType=VARCHAR},
      </if>
      <if test="name != null">
        #{name,jdbcType=VARCHAR},
      </if>
      <if test="orderTime != null">
        #{orderTime,jdbcType=TIMESTAMP},
      </if>
      <if test="phone != null">
        #{phone,jdbcType=VARCHAR},
      </if>
      <if test="state != null">
        #{state,jdbcType=INTEGER},
      </if>
      <if test="total != null">
        #{total,jdbcType=DOUBLE},
      </if>
      <if test="userId != null">
        #{userId,jdbcType=INTEGER},
      </if>
    </trim>
  </insert>
  <select id="countByExample" parameterType="com.reservation.bean.OrderExample" resultType="java.lang.Long">
    select count(*) from order
    <if test="_parameter != null">
      <include refid="Example_Where_Clause" />
    </if>
  </select>
  <update id="updateByExampleSelective" parameterType="map">
    update order
    <set>
      <if test="record.id != null">
        id = #{record.id,jdbcType=INTEGER},
      </if>
      <if test="record.addr != null">
        addr = #{record.addr,jdbcType=VARCHAR},
      </if>
      <if test="record.name != null">
        name = #{record.name,jdbcType=VARCHAR},
      </if>
      <if test="record.orderTime != null">
        order_time = #{record.orderTime,jdbcType=TIMESTAMP},
      </if>
      <if test="record.phone != null">
        phone = #{record.phone,jdbcType=VARCHAR},
      </if>
      <if test="record.state != null">
        state = #{record.state,jdbcType=INTEGER},
      </if>
      <if test="record.total != null">
        total = #{record.total,jdbcType=DOUBLE},
      </if>
      <if test="record.userId != null">
        user_id = #{record.userId,jdbcType=INTEGER},
      </if>
    </set>
    <if test="_parameter != null">
      <include refid="Update_By_Example_Where_Clause" />
    </if>
  </update>
  <update id="updateByExample" parameterType="map">
    update order
    set id = #{record.id,jdbcType=INTEGER},
      addr = #{record.addr,jdbcType=VARCHAR},
      name = #{record.name,jdbcType=VARCHAR},
      order_time = #{record.orderTime,jdbcType=TIMESTAMP},
      phone = #{record.phone,jdbcType=VARCHAR},
      state = #{record.state,jdbcType=INTEGER},
      total = #{record.total,jdbcType=DOUBLE},
      user_id = #{record.userId,jdbcType=INTEGER}
    <if test="_parameter != null">
      <include refid="Update_By_Example_Where_Clause" />
    </if>
  </update>
  <update id="updateByPrimaryKeySelective" parameterType="com.reservation.bean.Order">
    update order
    <set>
      <if test="addr != null">
        addr = #{addr,jdbcType=VARCHAR},
      </if>
      <if test="name != null">
        name = #{name,jdbcType=VARCHAR},
      </if>
      <if test="orderTime != null">
        order_time = #{orderTime,jdbcType=TIMESTAMP},
      </if>
      <if test="phone != null">
        phone = #{phone,jdbcType=VARCHAR},
      </if>
      <if test="state != null">
        state = #{state,jdbcType=INTEGER},
      </if>
      <if test="total != null">
        total = #{total,jdbcType=DOUBLE},
      </if>
      <if test="userId != null">
        user_id = #{userId,jdbcType=INTEGER},
      </if>
    </set>
    where id = #{id,jdbcType=INTEGER}
  </update>
  <update id="updateByPrimaryKey" parameterType="com.reservation.bean.Order">
    update order
    set addr = #{addr,jdbcType=VARCHAR},
      name = #{name,jdbcType=VARCHAR},
      order_time = #{orderTime,jdbcType=TIMESTAMP},
      phone = #{phone,jdbcType=VARCHAR},
      state = #{state,jdbcType=INTEGER},
      total = #{total,jdbcType=DOUBLE},
      user_id = #{userId,jdbcType=INTEGER}
    where id = #{id,jdbcType=INTEGER}
  </update>
  <select id="selectByExampleWithRowbounds" parameterType="com.reservation.bean.OrderExample" resultMap="BaseResultMap">
    select
    <if test="distinct">
      distinct
    </if>
    <include refid="Base_Column_List" />
    from order
    <if test="_parameter != null">
      <include refid="Example_Where_Clause" />
    </if>
    <if test="orderByClause != null">
      order by ${orderByClause}
    </if>
  </select>
</mapper>