<?xml version="1.0" encoding="UTF-8"?>
<!DOCTYPE mapper PUBLIC "-//mybatis.org//DTD Mapper 3.0//EN" "http://mybatis.org/dtd/mybatis-3-mapper.dtd">
<mapper namespace="com.reservation.mapper.OrderItemMapper">
  <resultMap id="BaseResultMap" type="com.reservation.bean.OrderItem">
    <id column="id" jdbcType="INTEGER" property="id" />
    <result column="count" jdbcType="INTEGER" property="count" />
    <result column="order_id" jdbcType="INTEGER" property="orderId" />
    <result column="product_id" jdbcType="INTEGER" property="productId" />
    <result column="sub_total" jdbcType="DOUBLE" property="subTotal" />
  </resultMap>
  <sql id="Example_Where_Clause">
    <where>
      <foreach collection="oredCriteria" item="criteria" separator="or">
        <if test="criteria.valid">
          <trim prefix="(" prefixOverrides="and" suffix=")">
            <foreach collection="criteria.criteria" item="criterion">
              <choose>
                <when test="criterion.noValue">
                  and ${criterion.condition}
                </when>
                <when test="criterion.singleValue">
                  and ${criterion.condition} #{criterion.value}
                </when>
                <when test="criterion.betweenValue">
                  and ${criterion.condition} #{criterion.value} and #{criterion.secondValue}
                </when>
                <when test="criterion.listValue">
                  and ${criterion.condition}
                  <foreach close=")" collection="criterion.value" item="listItem" open="(" separator=",">
                    #{listItem}
                  </foreach>
                </when>
              </choose>
            </foreach>
          </trim>
        </if>
      </foreach>
    </where>
  </sql>
  <sql id="Update_By_Example_Where_Clause">
    <where>
      <foreach collection="example.oredCriteria" item="criteria" separator="or">
        <if test="criteria.valid">
          <trim prefix="(" prefixOverrides="and" suffix=")">
            <foreach collection="criteria.criteria" item="criterion">
              <choose>
                <when test="criterion.noValue">
                  and ${criterion.condition}
                </when>
                <when test="criterion.singleValue">
                  and ${criterion.condition} #{criterion.value}
                </when>
                <when test="criterion.betweenValue">
                  and ${criterion.condition} #{criterion.value} and #{criterion.secondValue}
                </when>
                <when test="criterion.listValue">
                  and ${criterion.condition}
                  <foreach close=")" collection="criterion.value" item="listItem" open="(" separator=",">
                    #{listItem}
                  </foreach>
                </when>
              </choose>
            </foreach>
          </trim>
        </if>
      </foreach>
    </where>
  </sql>
  <sql id="Base_Column_List">
    id, count, order_id, product_id, sub_total
  </sql>
  <select id="selectByExample" parameterType="com.reservation.bean.OrderItemExample" resultMap="BaseResultMap">
    select
    <if test="distinct">
      distinct
    </if>
    <include refid="Base_Column_List" />
    from order_item
    <if test="_parameter != null">
      <include refid="Example_Where_Clause" />
    </if>
    <if test="orderByClause != null">
      order by ${orderByClause}
    </if>
  </select>
  <select id="selectByPrimaryKey" parameterType="java.lang.Integer" resultMap="BaseResultMap">
    select 
    <include refid="Base_Column_List" />
    from order_item
    where id = #{id,jdbcType=INTEGER}
  </select>
  <delete id="deleteByPrimaryKey" parameterType="java.lang.Integer">
    delete from order_item
    where id = #{id,jdbcType=INTEGER}
  </delete>
  <delete id="deleteByExample" parameterType="com.reservation.bean.OrderItemExample">
    delete from order_item
    <if test="_parameter != null">
      <include refid="Example_Where_Clause" />
    </if>
  </delete>
  <insert id="insert" parameterType="com.reservation.bean.OrderItem">
    insert into order_item (id, count, order_id, 
      product_id, sub_total)
    values (#{id,jdbcType=INTEGER}, #{count,jdbcType=INTEGER}, #{orderId,jdbcType=INTEGER}, 
      #{productId,jdbcType=INTEGER}, #{subTotal,jdbcType=DOUBLE})
  </insert>
  <insert id="insertSelective" parameterType="com.reservation.bean.OrderItem">
    insert into order_item
    <trim prefix="(" suffix=")" suffixOverrides=",">
      <if test="id != null">
        id,
      </if>
      <if test="count != null">
        count,
      </if>
      <if test="orderId != null">
        order_id,
      </if>
      <if test="productId != null">
        product_id,
      </if>
      <if test="subTotal != null">
        sub_total,
      </if>
    </trim>
    <trim prefix="values (" suffix=")" suffixOverrides=",">
      <if test="id != null">
        #{id,jdbcType=INTEGER},
      </if>
      <if test="count != null">
        #{count,jdbcType=INTEGER},
      </if>
      <if test="orderId != null">
        #{orderId,jdbcType=INTEGER},
      </if>
      <if test="productId != null">
        #{productId,jdbcType=INTEGER},
      </if>
      <if test="subTotal != null">
        #{subTotal,jdbcType=DOUBLE},
      </if>
    </trim>
  </insert>
  <select id="countByExample" parameterType="com.reservation.bean.OrderItemExample" resultType="java.lang.Long">
    select count(*) from order_item
    <if test="_parameter != null">
      <include refid="Example_Where_Clause" />
    </if>
  </select>
  <update id="updateByExampleSelective" parameterType="map">
    update order_item
    <set>
      <if test="record.id != null">
        id = #{record.id,jdbcType=INTEGER},
      </if>
      <if test="record.count != null">
        count = #{record.count,jdbcType=INTEGER},
      </if>
      <if test="record.orderId != null">
        order_id = #{record.orderId,jdbcType=INTEGER},
      </if>
      <if test="record.productId != null">
        product_id = #{record.productId,jdbcType=INTEGER},
      </if>
      <if test="record.subTotal != null">
        sub_total = #{record.subTotal,jdbcType=DOUBLE},
      </if>
    </set>
    <if test="_parameter != null">
      <include refid="Update_By_Example_Where_Clause" />
    </if>
  </update>
  <update id="updateByExample" parameterType="map">
    update order_item
    set id = #{record.id,jdbcType=INTEGER},
      count = #{record.count,jdbcType=INTEGER},
      order_id = #{record.orderId,jdbcType=INTEGER},
      product_id = #{record.productId,jdbcType=INTEGER},
      sub_total = #{record.subTotal,jdbcType=DOUBLE}
    <if test="_parameter != null">
      <include refid="Update_By_Example_Where_Clause" />
    </if>
  </update>
  <update id="updateByPrimaryKeySelective" parameterType="com.reservation.bean.OrderItem">
    update order_item
    <set>
      <if test="count != null">
        count = #{count,jdbcType=INTEGER},
      </if>
      <if test="orderId != null">
        order_id = #{orderId,jdbcType=INTEGER},
      </if>
      <if test="productId != null">
        product_id = #{productId,jdbcType=INTEGER},
      </if>
      <if test="subTotal != null">
        sub_total = #{subTotal,jdbcType=DOUBLE},
      </if>
    </set>
    where id = #{id,jdbcType=INTEGER}
  </update>
  <update id="updateByPrimaryKey" parameterType="com.reservation.bean.OrderItem">
    update order_item
    set count = #{count,jdbcType=INTEGER},
      order_id = #{orderId,jdbcType=INTEGER},
      product_id = #{productId,jdbcType=INTEGER},
      sub_total = #{subTotal,jdbcType=DOUBLE}
    where id = #{id,jdbcType=INTEGER}
  </update>
  <select id="selectByExampleWithRowbounds" parameterType="com.reservation.bean.OrderItemExample" resultMap="BaseResultMap">
    select
    <if test="distinct">
      distinct
    </if>
    <include refid="Base_Column_List" />
    from order_item
    <if test="_parameter != null">
      <include refid="Example_Where_Clause" />
    </if>
    <if test="orderByClause != null">
      order by ${orderByClause}
    </if>
  </select>
</mapper>