<?xml version="1.0" encoding="UTF-8"?>
<!DOCTYPE mapper PUBLIC "-//mybatis.org//DTD Mapper 3.0//EN" "http://mybatis.org/dtd/mybatis-3-mapper.dtd">
<mapper namespace="com.reservation.mapper.ProductMapper">
  <resultMap id="BaseResultMap" type="com.reservation.bean.Product">
    <id column="id" jdbcType="INTEGER" property="id" />
    <result column="csid" jdbcType="INTEGER" property="csid" />
    <result column="desc" jdbcType="VARCHAR" property="desc" />
    <result column="image" jdbcType="VARCHAR" property="image" />
    <result column="is_hot" jdbcType="INTEGER" property="isHot" />
    <result column="market_price" jdbcType="DOUBLE" property="marketPrice" />
    <result column="pdate" jdbcType="TIMESTAMP" property="pdate" />
    <result column="shop_price" jdbcType="BIGINT" property="shopPrice" />
    <result column="title" jdbcType="VARCHAR" property="title" />
  </resultMap>
  <sql id="Example_Where_Clause">
    <where>
      <foreach collection="oredCriteria" item="criteria" separator="or">
        <if test="criteria.valid">
          <trim prefix="(" prefixOverrides="and" suffix=")">
            <foreach collection="criteria.criteria" item="criterion">
              <choose>
                <when test="criterion.noValue">
                  and ${criterion.condition}
                </when>
                <when test="criterion.singleValue">
                  and ${criterion.condition} #{criterion.value}
                </when>
                <when test="criterion.betweenValue">
                  and ${criterion.condition} #{criterion.value} and #{criterion.secondValue}
                </when>
                <when test="criterion.listValue">
                  and ${criterion.condition}
                  <foreach close=")" collection="criterion.value" item="listItem" open="(" separator=",">
                    #{listItem}
                  </foreach>
                </when>
              </choose>
            </foreach>
          </trim>
        </if>
      </foreach>
    </where>
  </sql>
  <sql id="Update_By_Example_Where_Clause">
    <where>
      <foreach collection="example.oredCriteria" item="criteria" separator="or">
        <if test="criteria.valid">
          <trim prefix="(" prefixOverrides="and" suffix=")">
            <foreach collection="criteria.criteria" item="criterion">
              <choose>
                <when test="criterion.noValue">
                  and ${criterion.condition}
                </when>
                <when test="criterion.singleValue">
                  and ${criterion.condition} #{criterion.value}
                </when>
                <when test="criterion.betweenValue">
                  and ${criterion.condition} #{criterion.value} and #{criterion.secondValue}
                </when>
                <when test="criterion.listValue">
                  and ${criterion.condition}
                  <foreach close=")" collection="criterion.value" item="listItem" open="(" separator=",">
                    #{listItem}
                  </foreach>
                </when>
              </choose>
            </foreach>
          </trim>
        </if>
      </foreach>
    </where>
  </sql>
  <sql id="Base_Column_List">
    id, csid, desc, image, is_hot, market_price, pdate, shop_price, title
  </sql>
  <select id="selectByExample" parameterType="com.reservation.bean.ProductExample" resultMap="BaseResultMap">
    select
    <if test="distinct">
      distinct
    </if>
    <include refid="Base_Column_List" />
    from product
    <if test="_parameter != null">
      <include refid="Example_Where_Clause" />
    </if>
    <if test="orderByClause != null">
      order by ${orderByClause}
    </if>
  </select>
  <select id="selectByPrimaryKey" parameterType="java.lang.Integer" resultMap="BaseResultMap">
    select 
    <include refid="Base_Column_List" />
    from product
    where id = #{id,jdbcType=INTEGER}
  </select>
  <delete id="deleteByPrimaryKey" parameterType="java.lang.Integer">
    delete from product
    where id = #{id,jdbcType=INTEGER}
  </delete>
  <delete id="deleteByExample" parameterType="com.reservation.bean.ProductExample">
    delete from product
    <if test="_parameter != null">
      <include refid="Example_Where_Clause" />
    </if>
  </delete>
  <insert id="insert" parameterType="com.reservation.bean.Product">
    insert into product (id, csid, desc, 
      image, is_hot, market_price, 
      pdate, shop_price, title
      )
    values (#{id,jdbcType=INTEGER}, #{csid,jdbcType=INTEGER}, #{desc,jdbcType=VARCHAR}, 
      #{image,jdbcType=VARCHAR}, #{isHot,jdbcType=INTEGER}, #{marketPrice,jdbcType=DOUBLE}, 
      #{pdate,jdbcType=TIMESTAMP}, #{shopPrice,jdbcType=BIGINT}, #{title,jdbcType=VARCHAR}
      )
  </insert>
  <insert id="insertSelective" parameterType="com.reservation.bean.Product">
    insert into product
    <trim prefix="(" suffix=")" suffixOverrides=",">
      <if test="id != null">
        id,
      </if>
      <if test="csid != null">
        csid,
      </if>
      <if test="desc != null">
        desc,
      </if>
      <if test="image != null">
        image,
      </if>
      <if test="isHot != null">
        is_hot,
      </if>
      <if test="marketPrice != null">
        market_price,
      </if>
      <if test="pdate != null">
        pdate,
      </if>
      <if test="shopPrice != null">
        shop_price,
      </if>
      <if test="title != null">
        title,
      </if>
    </trim>
    <trim prefix="values (" suffix=")" suffixOverrides=",">
      <if test="id != null">
        #{id,jdbcType=INTEGER},
      </if>
      <if test="csid != null">
        #{csid,jdbcType=INTEGER},
      </if>
      <if test="desc != null">
        #{desc,jdbcType=VARCHAR},
      </if>
      <if test="image != null">
        #{image,jdbcType=VARCHAR},
      </if>
      <if test="isHot != null">
        #{isHot,jdbcType=INTEGER},
      </if>
      <if test="marketPrice != null">
        #{marketPrice,jdbcType=DOUBLE},
      </if>
      <if test="pdate != null">
        #{pdate,jdbcType=TIMESTAMP},
      </if>
      <if test="shopPrice != null">
        #{shopPrice,jdbcType=BIGINT},
      </if>
      <if test="title != null">
        #{title,jdbcType=VARCHAR},
      </if>
    </trim>
  </insert>
  <select id="countByExample" parameterType="com.reservation.bean.ProductExample" resultType="java.lang.Long">
    select count(*) from product
    <if test="_parameter != null">
      <include refid="Example_Where_Clause" />
    </if>
  </select>
  <update id="updateByExampleSelective" parameterType="map">
    update product
    <set>
      <if test="record.id != null">
        id = #{record.id,jdbcType=INTEGER},
      </if>
      <if test="record.csid != null">
        csid = #{record.csid,jdbcType=INTEGER},
      </if>
      <if test="record.desc != null">
        desc = #{record.desc,jdbcType=VARCHAR},
      </if>
      <if test="record.image != null">
        image = #{record.image,jdbcType=VARCHAR},
      </if>
      <if test="record.isHot != null">
        is_hot = #{record.isHot,jdbcType=INTEGER},
      </if>
      <if test="record.marketPrice != null">
        market_price = #{record.marketPrice,jdbcType=DOUBLE},
      </if>
      <if test="record.pdate != null">
        pdate = #{record.pdate,jdbcType=TIMESTAMP},
      </if>
      <if test="record.shopPrice != null">
        shop_price = #{record.shopPrice,jdbcType=BIGINT},
      </if>
      <if test="record.title != null">
        title = #{record.title,jdbcType=VARCHAR},
      </if>
    </set>
    <if test="_parameter != null">
      <include refid="Update_By_Example_Where_Clause" />
    </if>
  </update>
  <update id="updateByExample" parameterType="map">
    update product
    set id = #{record.id,jdbcType=INTEGER},
      csid = #{record.csid,jdbcType=INTEGER},
      desc = #{record.desc,jdbcType=VARCHAR},
      image = #{record.image,jdbcType=VARCHAR},
      is_hot = #{record.isHot,jdbcType=INTEGER},
      market_price = #{record.marketPrice,jdbcType=DOUBLE},
      pdate = #{record.pdate,jdbcType=TIMESTAMP},
      shop_price = #{record.shopPrice,jdbcType=BIGINT},
      title = #{record.title,jdbcType=VARCHAR}
    <if test="_parameter != null">
      <include refid="Update_By_Example_Where_Clause" />
    </if>
  </update>
  <update id="updateByPrimaryKeySelective" parameterType="com.reservation.bean.Product">
    update product
    <set>
      <if test="csid != null">
        csid = #{csid,jdbcType=INTEGER},
      </if>
      <if test="desc != null">
        desc = #{desc,jdbcType=VARCHAR},
      </if>
      <if test="image != null">
        image = #{image,jdbcType=VARCHAR},
      </if>
      <if test="isHot != null">
        is_hot = #{isHot,jdbcType=INTEGER},
      </if>
      <if test="marketPrice != null">
        market_price = #{marketPrice,jdbcType=DOUBLE},
      </if>
      <if test="pdate != null">
        pdate = #{pdate,jdbcType=TIMESTAMP},
      </if>
      <if test="shopPrice != null">
        shop_price = #{shopPrice,jdbcType=BIGINT},
      </if>
      <if test="title != null">
        title = #{title,jdbcType=VARCHAR},
      </if>
    </set>
    where id = #{id,jdbcType=INTEGER}
  </update>
  <update id="updateByPrimaryKey" parameterType="com.reservation.bean.Product">
    update product
    set csid = #{csid,jdbcType=INTEGER},
      desc = #{desc,jdbcType=VARCHAR},
      image = #{image,jdbcType=VARCHAR},
      is_hot = #{isHot,jdbcType=INTEGER},
      market_price = #{marketPrice,jdbcType=DOUBLE},
      pdate = #{pdate,jdbcType=TIMESTAMP},
      shop_price = #{shopPrice,jdbcType=BIGINT},
      title = #{title,jdbcType=VARCHAR}
    where id = #{id,jdbcType=INTEGER}
  </update>
  <select id="selectByExampleWithRowbounds" parameterType="com.reservation.bean.ProductExample" resultMap="BaseResultMap">
    select
    <if test="distinct">
      distinct
    </if>
    <include refid="Base_Column_List" />
    from product
    <if test="_parameter != null">
      <include refid="Example_Where_Clause" />
    </if>
    <if test="orderByClause != null">
      order by ${orderByClause}
    </if>
  </select>
</mapper>