<?xml version="1.0" encoding="UTF-8"?>
<!DOCTYPE mapper PUBLIC "-//mybatis.org//DTD Mapper 3.0//EN" "http://mybatis.org/dtd/mybatis-3-mapper.dtd">
<mapper namespace="com.reservation.mapper.UserMapper">
  <resultMap id="BaseResultMap" type="com.reservation.bean.User">
    <id column="id" jdbcType="INTEGER" property="id" />
    <result column="addr" jdbcType="VARCHAR" property="addr" />
    <result column="email" jdbcType="VARCHAR" property="email" />
    <result column="name" jdbcType="VARCHAR" property="name" />
    <result column="password" jdbcType="VARCHAR" property="password" />
    <result column="phone" jdbcType="VARCHAR" property="phone" />
    <result column="username" jdbcType="VARCHAR" property="username" />
  </resultMap>
  <sql id="Example_Where_Clause">
    <where>
      <foreach collection="oredCriteria" item="criteria" separator="or">
        <if test="criteria.valid">
          <trim prefix="(" prefixOverrides="and" suffix=")">
            <foreach collection="criteria.criteria" item="criterion">
              <choose>
                <when test="criterion.noValue">
                  and ${criterion.condition}
                </when>
                <when test="criterion.singleValue">
                  and ${criterion.condition} #{criterion.value}
                </when>
                <when test="criterion.betweenValue">
                  and ${criterion.condition} #{criterion.value} and #{criterion.secondValue}
                </when>
                <when test="criterion.listValue">
                  and ${criterion.condition}
                  <foreach close=")" collection="criterion.value" item="listItem" open="(" separator=",">
                    #{listItem}
                  </foreach>
                </when>
              </choose>
            </foreach>
          </trim>
        </if>
      </foreach>
    </where>
  </sql>
  <sql id="Update_By_Example_Where_Clause">
    <where>
      <foreach collection="example.oredCriteria" item="criteria" separator="or">
        <if test="criteria.valid">
          <trim prefix="(" prefixOverrides="and" suffix=")">
            <foreach collection="criteria.criteria" item="criterion">
              <choose>
                <when test="criterion.noValue">
                  and ${criterion.condition}
                </when>
                <when test="criterion.singleValue">
                  and ${criterion.condition} #{criterion.value}
                </when>
                <when test="criterion.betweenValue">
                  and ${criterion.condition} #{criterion.value} and #{criterion.secondValue}
                </when>
                <when test="criterion.listValue">
                  and ${criterion.condition}
                  <foreach close=")" collection="criterion.value" item="listItem" open="(" separator=",">
                    #{listItem}
                  </foreach>
                </when>
              </choose>
            </foreach>
          </trim>
        </if>
      </foreach>
    </where>
  </sql>
  <sql id="Base_Column_List">
    id, addr, email, name, password, phone, username
  </sql>
  <select id="selectByExample" parameterType="com.reservation.bean.UserExample" resultMap="BaseResultMap">
    select
    <if test="distinct">
      distinct
    </if>
    <include refid="Base_Column_List" />
    from user
    <if test="_parameter != null">
      <include refid="Example_Where_Clause" />
    </if>
    <if test="orderByClause != null">
      order by ${orderByClause}
    </if>
  </select>
  <select id="selectByPrimaryKey" parameterType="java.lang.Integer" resultMap="BaseResultMap">
    select 
    <include refid="Base_Column_List" />
    from user
    where id = #{id,jdbcType=INTEGER}
  </select>
  <delete id="deleteByPrimaryKey" parameterType="java.lang.Integer">
    delete from user
    where id = #{id,jdbcType=INTEGER}
  </delete>
  <delete id="deleteByExample" parameterType="com.reservation.bean.UserExample">
    delete from user
    <if test="_parameter != null">
      <include refid="Example_Where_Clause" />
    </if>
  </delete>
  <insert id="insert" parameterType="com.reservation.bean.User">
    insert into user (id, addr, email, 
      name, password, phone, 
      username)
    values (#{id,jdbcType=INTEGER}, #{addr,jdbcType=VARCHAR}, #{email,jdbcType=VARCHAR}, 
      #{name,jdbcType=VARCHAR}, #{password,jdbcType=VARCHAR}, #{phone,jdbcType=VARCHAR}, 
      #{username,jdbcType=VARCHAR})
  </insert>
  <insert id="insertSelective" parameterType="com.reservation.bean.User">
    insert into user
    <trim prefix="(" suffix=")" suffixOverrides=",">
      <if test="id != null">
        id,
      </if>
      <if test="addr != null">
        addr,
      </if>
      <if test="email != null">
        email,
      </if>
      <if test="name != null">
        name,
      </if>
      <if test="password != null">
        password,
      </if>
      <if test="phone != null">
        phone,
      </if>
      <if test="username != null">
        username,
      </if>
    </trim>
    <trim prefix="values (" suffix=")" suffixOverrides=",">
      <if test="id != null">
        #{id,jdbcType=INTEGER},
      </if>
      <if test="addr != null">
        #{addr,jdbcType=VARCHAR},
      </if>
      <if test="email != null">
        #{email,jdbcType=VARCHAR},
      </if>
      <if test="name != null">
        #{name,jdbcType=VARCHAR},
      </if>
      <if test="password != null">
        #{password,jdbcType=VARCHAR},
      </if>
      <if test="phone != null">
        #{phone,jdbcType=VARCHAR},
      </if>
      <if test="username != null">
        #{username,jdbcType=VARCHAR},
      </if>
    </trim>
  </insert>
  <select id="countByExample" parameterType="com.reservation.bean.UserExample" resultType="java.lang.Long">
    select count(*) from user
    <if test="_parameter != null">
      <include refid="Example_Where_Clause" />
    </if>
  </select>
  <update id="updateByExampleSelective" parameterType="map">
    update user
    <set>
      <if test="record.id != null">
        id = #{record.id,jdbcType=INTEGER},
      </if>
      <if test="record.addr != null">
        addr = #{record.addr,jdbcType=VARCHAR},
      </if>
      <if test="record.email != null">
        email = #{record.email,jdbcType=VARCHAR},
      </if>
      <if test="record.name != null">
        name = #{record.name,jdbcType=VARCHAR},
      </if>
      <if test="record.password != null">
        password = #{record.password,jdbcType=VARCHAR},
      </if>
      <if test="record.phone != null">
        phone = #{record.phone,jdbcType=VARCHAR},
      </if>
      <if test="record.username != null">
        username = #{record.username,jdbcType=VARCHAR},
      </if>
    </set>
    <if test="_parameter != null">
      <include refid="Update_By_Example_Where_Clause" />
    </if>
  </update>
  <update id="updateByExample" parameterType="map">
    update user
    set id = #{record.id,jdbcType=INTEGER},
      addr = #{record.addr,jdbcType=VARCHAR},
      email = #{record.email,jdbcType=VARCHAR},
      name = #{record.name,jdbcType=VARCHAR},
      password = #{record.password,jdbcType=VARCHAR},
      phone = #{record.phone,jdbcType=VARCHAR},
      username = #{record.username,jdbcType=VARCHAR}
    <if test="_parameter != null">
      <include refid="Update_By_Example_Where_Clause" />
    </if>
  </update>
  <update id="updateByPrimaryKeySelective" parameterType="com.reservation.bean.User">
    update user
    <set>
      <if test="addr != null">
        addr = #{addr,jdbcType=VARCHAR},
      </if>
      <if test="email != null">
        email = #{email,jdbcType=VARCHAR},
      </if>
      <if test="name != null">
        name = #{name,jdbcType=VARCHAR},
      </if>
      <if test="password != null">
        password = #{password,jdbcType=VARCHAR},
      </if>
      <if test="phone != null">
        phone = #{phone,jdbcType=VARCHAR},
      </if>
      <if test="username != null">
        username = #{username,jdbcType=VARCHAR},
      </if>
    </set>
    where id = #{id,jdbcType=INTEGER}
  </update>
  <update id="updateByPrimaryKey" parameterType="com.reservation.bean.User">
    update user
    set addr = #{addr,jdbcType=VARCHAR},
      email = #{email,jdbcType=VARCHAR},
      name = #{name,jdbcType=VARCHAR},
      password = #{password,jdbcType=VARCHAR},
      phone = #{phone,jdbcType=VARCHAR},
      username = #{username,jdbcType=VARCHAR}
    where id = #{id,jdbcType=INTEGER}
  </update>
  <select id="selectByExampleWithRowbounds" parameterType="com.reservation.bean.UserExample" resultMap="BaseResultMap">
    select
    <if test="distinct">
      distinct
    </if>
    <include refid="Base_Column_List" />
    from user
    <if test="_parameter != null">
      <include refid="Example_Where_Clause" />
    </if>
    <if test="orderByClause != null">
      order by ${orderByClause}
    </if>
  </select>
</mapper>